Estimate,Std. Error,df,t value,Pr(>|t|),var_names,2.5 %,97.5 %
-0.367352694034487,0.1984892078470686,14.872651058391222,-1.850743917107694,0.08416951972842979,Intercept,-0.7529618386675333,0.018020837178086835
-0.3375264835676959,0.09316640200296199,354.8725909552084,-3.6228348021528736,3.3390016142531564e-4,Distance,-0.5206626446692618,-0.15574776615864233
0.3886814209309619,0.07177549269085617,363.78860459775154,5.415238633123001,1.1144103218008183e-7,Pct. light,0.24567565957296908,0.5274696168383367
0.593144284505227,0.2312200705416673,9.794322689035887,2.5652802679096958,0.028549116651295225,Forest age: young,0.1344910985220224,1.0507350381441125
0.18215962669659877,0.07675455634790813,356.7941287789098,2.373274439512324,0.018160283963861268,Herbivory,0.029344717015011654,0.3319889287692813
