Estimate,Std. Error,df,t value,Pr(>|t|),var_names,2.5 %,97.5 %
-0.3692199546950317,0.19646982752418932,14.69382733113651,-1.8792705187750696,0.0801886103439986,Intercept,-0.7499827922125825,0.011565143927717604
-0.37862486898810926,0.09397886869192569,379.95403619296496,-4.028829823747807,6.772006721078583e-5,Distance,-0.5624018146035822,-0.1950269532861309
0.4303766270791309,0.06958655374291357,387.52745562554384,6.184767084013825,1.580412245516527e-9,Pct. light,0.29155091188879,0.564507847927424
0.5500108682672479,0.24172239300672865,9.942833547918323,2.2753823567017957,0.04628988841736836,Forest age: young,0.07403028508738764,1.0253912338143245
-0.30712299677104854,0.10882413512773982,388.0071854890074,-2.8221956132299306,0.005015044306433847,Pct. moisture,-0.5192318707104628,-0.09459881144082137
0.9932296833515043,0.21535717385716094,386.3174622985324,4.612011132771828,5.43069955716291e-6,Distance:Pct. moisture,0.5693757033041087,1.4110309161698344
