Estimate,Std. Error,df,t value,Pr(>|t|),var_names,2.5 %,97.5 %
0.9526593536716825,0.06121909278149389,15.145850320319019,15.561474539845923,1.0008260886706921e-10,Intercept,0.8345026820303912,1.0709943098587358
-0.05849695065102107,0.035546758461908315,378.45944021614554,-1.6456338969334163,0.10066935005387467,Distance,-0.13132243706154909,0.010221213377588259
0.1313631977612533,0.02741165110787316,387.6784042418192,4.792239520498027,2.353489291451183e-6,Pct. light,0.07698226598272385,0.18441137356337467
0.18743713245294427,0.07465729611523786,10.051799702884818,2.510633818878522,0.030769021497696336,Forest age: young,0.04235093520675967,0.33708182955223415
0.07556909428445707,0.04645369748701653,4.676971714674737,1.6267616653244465,0.1687318454232587,Herbivory,-0.02270606147036025,0.1742132690860993
