Estimate,Std. Error,df,t value,Pr(>|t|),var_names,2.5 %,97.5 %
0.9590715136555672,0.05898563736544057,15.305373869174442,16.259407484464738,4.5393022674034e-11,Intercept,0.845005782882528,1.0729316996432081
-0.0962554557966869,0.03709224163777684,381.3830747370243,-2.595029352409235,0.009823193053239088,Distance,-0.16910857988870023,-0.02406236311602233
0.13969479813723448,0.02728140166864024,386.81248891412935,5.120513961634624,4.814717158296844e-7,Pct. light,0.08605116890361582,0.19251875424106016
0.18849049813404792,0.07154794614317661,10.01767714409766,2.634464136215095,0.024935787524917652,Forest age: young,0.04813548239744893,0.32897747270210415
-0.11111457785476023,0.042590879863261245,383.66823300480354,-2.608881953401655,0.009438965820300904,Pct. moisture,-0.1940372683665643,-0.028087217662883635
0.34248779761232845,0.08458354357814703,388.0677074242263,4.049106754387783,6.209110892285707e-5,Distance:Pct. moisture,0.17784491542895103,0.5078591697089285
