Estimate,Std. Error,z value,Pr(>|z|),var_names,2.5 %,97.5 %
-2.1670789807699897,0.49088712903471815,-4.414617643431271,1.0118867704072295e-5,Intercept,-3.301021498730784,-1.0675517326846902
0.273820018566141,0.13868413463068996,1.9744148766209795,0.048334587836693525,Distance,5.921265334210141e-4,0.5462844430898222
-0.3934775727356639,0.21506855940345465,-1.8295448382928234,0.06731802866980771,Forest age: young,-0.8440179703767132,0.08272678815440765
0.22657468663656047,0.12982157994386395,1.7452775319367817,0.08093657097029047,Litter mass,-0.028168877453621073,0.4837524135406604
