Estimate,Std. Error,z value,Pr(>|z|),var_names,2.5 %,97.5 %
1.7859571308152926,0.6228545828861056,2.867374151025345,0.004138933788910269,Intercept,0.13145711052662873,3.0589893082057276
-0.20749954066765863,0.19025623326955757,-1.0906320234652733,0.27543483265317525,Distance,-0.009695604918425606,0.0028153184181354866
-0.15032894274474862,0.5074382171794922,-0.29625073093691306,0.7670386089472383,Forest age: young,-1.2285817365710154,0.9419326928606253
0.0592125843834339,0.0869090754586013,0.6813164686309374,0.4956712648779353,Litter mass,-0.340543733474236,0.7063855162289825
